TIME	forecast2019	singleHit	doubleHit
2019-Q1	97.7833328217533	97.7833328217533	97.7833328217533
2019-Q2	98.5167078179165	98.5167078179165	98.5167078179165
2019-Q3	99.2555831265509	99.2555831265509	99.2555831265509
2019-Q4	100	100	100
2020-Q1	100.75	96	96
2020-Q2	101.505625	88	88
2020-Q3	102.2669171875	93	93
2020-Q4	103.033919066406	95	91
2021-Q1	103.806673459404	96	94
2021-Q2	104.58522351035	97	95
2021-Q3	105.369612686678	98	96
2021-Q4	106.159884781828	99	97
